local_face_index,global_vertex,dx,dy,dz,displacement_norm
0,21,-0.0075757600000000425,0.023613380000000017,-0.006785179999999998,0.02571035826732878
1,22,-0.007764699999999958,0.022660459999999993,-0.01003985,0.025972785786744154
2,23,-0.011347820000000008,0.024657580000000012,-0.009903160000000001,0.028893629889551794
3,24,-0.011369809999999925,0.026070419999999983,-0.007302920000000001,0.029364468647310776
4,25,-0.004880580000000023,0.018633359999999988,-0.00946122,0.021460122318253446
5,26,-0.006074100000000082,0.019570920000000047,-0.01046007,0.023007143778863617
6,27,-0.008076219999999967,0.017342400000000036,-0.00926338,0.021255455212081456
7,28,-0.009326190000000012,0.01911417000000004,-0.00932979,0.023224433171750433
8,29,-0.01406940000000001,0.02004075999999999,-0.01403644,0.028224133744212593
9,30,-0.016389520000000046,0.02587558000000001,-0.01755826,0.03530516251760359
10,31,-0.015073299999999956,0.024584300000000003,-0.01482885,0.03242663984600468
11,32,-0.01390433000000002,0.021183950000000007,-0.012840649999999999,0.028407260036369238
12,33,-0.014005629999999991,0.02687855,-0.01042251,0.032050629268385665
13,34,-0.013772059999999975,0.02466997000000004,-0.010083990000000001,0.029999398506713452
14,35,-0.011193090000000017,0.017885099999999987,-0.00995919,0.023331256528832733
15,36,-0.011675189999999946,0.019907499999999967,-0.009718419999999998,0.025041292001062913
16,37,-0.02287773999999998,0.028317959999999975,-0.09844242,0.10495812451413944
17,38,-0.023028170000000014,0.03608761999999999,-0.09533897999999999,0.10450901414831976
18,39,-0.02149023,0.01622047999999998,-0.09181877999999999,0.09568501616016845
19,40,-0.02041375000000001,0.027063259999999978,-0.06639118000000001,0.0745448188184967
20,41,-0.020073710000000022,0.018480759999999985,-0.06638973999999999,0.07177806002260927
21,42,-0.017965640000000005,-0.0016203500000000481,-0.06610298,0.0685200242236713
22,43,-0.021220889999999992,0.037826020000000016,-0.08506237999999999,0.09548163411199506
23,44,-0.020803230000000006,0.00847245000000002,-0.08119233,0.08424221767180812
24,45,-0.02252972000000003,0.03221115000000002,-0.09115503000000003,0.09926925990407004
25,46,-0.021793910000000027,0.03083625000000001,-0.08582113000000002,0.0937609469962175
26,47,-0.01904981,0.023656579999999983,-0.08794939999999998,0.09304636477956833
27,48,-0.022812529999999998,0.026478880000000038,-0.09175433,0.09818553704494466
28,49,-0.02083109999999999,0.015107099999999984,-0.08972127000000002,0.09333844592681464
29,50,-0.02194001000000001,0.012111220000000034,-0.08198117,0.08572606326699833
30,51,-0.02101976,0.027360229999999985,-0.07967882999999999,0.08682815468659574
31,52,-0.02063660000000006,0.021891059999999962,-0.07740792,0.08304862338539996
32,53,-0.02124513,0.01141302999999999,-0.07831723,0.08194633193359359
33,54,-0.0007240599999999153,-0.016705619999999977,0.004401559999999999,0.017290914750284297
34,55,-0.0035553200000000285,-0.017556200000000022,0.0015886099999999972,0.017982884653873
35,56,-0.0030145599999999995,-0.014776220000000007,0.002593320000000003,0.015301946219497709
36,57,-0.0038756999999999264,-0.023768310000000015,-0.0020735799999999985,0.024171333119265476
37,58,-0.0033971299999999705,-0.027464039999999912,-0.0051226000000000015,0.02814347199828932
38,59,-0.008629180000000014,-0.018078709999999942,-0.009725399999999995,0.022268495860665982
39,60,-0.00990977999999998,-0.017463050000000035,-0.011208529999999998,0.022995499553430034
40,61,-0.010133489999999967,-0.015775749999999977,-0.010868590000000004,0.021672290055061064
41,62,-0.008587769999999995,-0.017079379999999977,-0.008497919999999996,0.02092055589805632
42,63,-0.007749129999999993,-0.020367460000000004,-0.008153119999999996,0.023267054139768102
43,64,-0.008763999999999994,-0.020752340000000036,-0.010289459999999997,0.024765708117621053
44,65,-0.006407709999999955,-0.013642819999999944,-0.0028354800000000013,0.015337054209557254
45,66,-0.006455019999999978,-0.016569940000000005,-0.0026588099999999976,0.017980530176279562
46,67,-0.00625036000000001,-0.025025389999999925,-0.007582589999999997,0.02688555031777844
47,68,-0.006347129999999979,-0.021902069999999996,-0.005515800000000001,0.023460835005638645
48,69,-0.0036400800000000455,-0.019457040000000037,-0.002763339999999996,0.01998656138317949
49,70,-0.0061828299999999725,-0.018548620000000016,-0.005602869999999996,0.02033889974777889
50,71,-0.003554959999999996,-0.020196250000000027,-0.004003890000000003,0.020893955819714972
51,72,-0.005744389999999933,-0.019338000000000077,-0.006847509999999998,0.021303630058565188
52,73,-0.0020075999999999983,0.021225770000000033,-0.00199095,0.021413258784113206
53,74,-0.004806639999999973,0.029290449999999968,0.001413000000000001,0.029715834470734587
54,75,-0.011565950000000047,-0.017239299999999957,-0.014919410000000001,0.02556469163984967
55,76,-0.009244029999999959,-0.02207945,-0.012005330000000002,0.02677838963329011
56,77,-0.003105959999999963,-0.028925790000000062,-0.0071647499999999975,0.029961341044889886
57,78,-0.006561030000000079,-0.02604931999999993,-0.008882250000000001,0.028293259836678374
58,79,-0.017629050000000035,0.027082389999999956,-0.02028057,0.03815155005421797
59,80,-0.014659459999999958,0.017972500000000002,-0.01654608,0.028490055933746407
60,81,-0.003099300000000027,0.01760885000000001,-0.00749716,0.01938774527576893
61,82,-0.006541470000000049,0.025714550000000003,-0.0034148599999999987,0.026752386440895337
62,83,-0.011746860000000026,0.028856050000000022,-0.004769140000000005,0.03151832860101725
63,84,-0.011994110000000058,0.033837510000000015,-0.0036517699999999986,0.03608560906822971
64,85,-0.015114189999999916,0.029943480000000022,-0.009445229999999995,0.034846278188917085
65,86,-0.016499890000000073,0.03512081,-0.012080259999999999,0.04064050131009462
66,87,-0.018844920000000043,0.03206456000000002,-0.023568199999999997,0.04403097851558608
67,88,-0.010240490000000046,0.01500640000000003,-0.01186532,0.021698974517301545
68,89,-0.006665939999999981,0.01485253999999997,-0.00992119,0.01906469804511204
69,90,-0.003633450000000038,-0.0021981300000000203,0.008274949999999996,0.009300996285447076
70,91,-0.002856440000000071,0.002724559999999987,0.005485290000000004,0.006758023605411599
71,92,-0.003388269999999971,-0.005677189999999999,0.007117600000000002,0.00971447835187252
72,93,-0.002567710000000001,-0.00715673,0.00529582,0.009265939154203422
73,94,-0.0046788199999999724,-0.004752709999999993,0.004348229999999995,0.007961577297834872
74,95,-0.0039029100000000927,-0.005201779999999989,0.0029026899999999994,0.007121575027520289
75,96,-0.0056216500000000336,-0.004279680000000008,-0.0013848200000000019,0.0071997455550387645
76,97,-0.004253889999999982,-0.005050290000000013,-0.0014817199999999989,0.006767311384486455
77,98,-0.005970810000000104,-0.004947099999999982,-0.00504978,0.00925335876936051
78,99,-0.004242530000000078,-0.0071885999999999894,-0.0027627199999999963,0.008792477043433238
79,100,-0.0030406600000000283,-0.012767699999999937,0.001109479999999996,0.013171587694579517
80,101,-0.0023755300000000146,-0.00958431000000004,0.0007021300000000022,0.009899248834830897
81,102,-0.0006465199999999838,-0.008911469999999977,0.005870260000000002,0.010690754797435942
82,103,-0.002421359999999928,-0.007200680000000015,0.0020056499999999977,0.007857188341544313
83,104,-0.005477950000000065,-0.0011608200000000068,0.0026443900000000034,0.006192595396681487
84,105,-0.004619989999999907,0.0025201800000000385,0.0004512399999999986,0.005281972393916816
85,106,-0.006191379999999969,-0.0013042699999999963,-0.0022024200000000035,0.0066996238994214904
86,107,-0.005055900000000002,-0.03979670000000002,-0.01954901,0.04462626186092782
87,108,-0.005798859999999961,-0.03864487999999999,-0.031237429999999997,0.05002829759764866
88,109,-0.008573759999999986,-0.03533901000000006,-0.02955923,0.046862597735407324
89,110,-0.00697422999999997,-0.03775605999999998,-0.02291212,0.04471157784859418
90,111,-0.0030423099999999925,-0.04135311999999991,-0.01767767,0.04507589378480911
91,112,-0.002083970000000046,-0.04160050999999998,-0.03038308,0.05155654093815254
92,113,-0.010443360000000013,-0.031015950000000014,-0.02618395,0.041912434432929344
93,114,-0.00840385999999993,-0.03315164000000004,-0.019556149999999998,0.039396688952394225
94,115,-0.006038039999999967,-0.03426349000000006,-0.0137061,0.037393874514841385
95,116,-0.0031503099999999895,-0.03588891999999999,-0.009544039999999998,0.03726966234598992
96,117,-0.011916460000000018,-0.011456000000000022,-0.01421981,0.02180470021274544
97,118,-0.01030494999999998,-0.005240399999999978,-0.010898439999999999,0.015888038931727834
98,119,-0.008539269999999988,-0.009576189999999984,-0.007805509999999998,0.015018273316500118
99,120,-0.013750150000000017,-0.02405539999999995,-0.04646020000000001,0.05409509292183995
100,121,-0.015077690000000032,-0.003644970000000025,-0.01935071,0.024800655627243026
101,122,-0.015457910000000075,-0.01358028999999994,-0.03045931,0.03675786750789959
102,123,-0.01280570999999997,0.005689080000000013,-0.013107980000000002,0.019187782037820303
103,124,-0.017652299999999954,0.009005700000000005,-0.0200949,0.02822253237733989
104,125,-0.020321870000000075,0.019495459999999964,-0.032643889999999995,0.04311235223506833
105,126,-0.02042619000000001,0.029779440000000046,-0.03826634,0.052615179004022246
106,127,-0.016707009999999967,-0.011918589999999951,-0.061197669999999996,0.0645471283959023
107,128,-0.01788553000000004,-0.006461159999999966,-0.04216446,0.04625451825517266
108,129,-0.01870137000000005,0.0022890500000000147,-0.02934494,0.03487271846849629
109,130,-0.020260920000000016,0.011606589999999972,-0.046033199999999996,0.05161659919942905
110,131,-0.019427250000000007,0.0054592900000000055,-0.055914849999999995,0.05944486807445282
111,132,-0.005984120000000037,0.0007211200000000195,-0.005115579999999998,0.007905622364191225
112,133,-0.0055149500000000184,-0.011017280000000018,-0.0023451099999999975,0.012541717307171319
113,134,-0.019609710000000002,0.042328350000000015,-0.048613329999999996,0.06737570625748944
114,135,-0.01894504000000008,0.046853950000000005,-0.03500251,0.06147668564182851
115,136,-0.020505930000000006,0.02390751000000002,-0.05450317,0.06294964447567516
116,137,-0.0021460500000000104,0.011144209999999988,-0.00033058999999999866,0.011353776326610445
117,138,-0.0038070700000000235,0.010389640000000033,-0.003838620000000001,0.011712105054980547
118,139,-0.00595140999999999,0.009076470000000003,-0.0073751799999999985,0.01312230424435434
119,140,-0.02013658000000007,0.034134370000000025,-0.06110953999999999,0.07283551982655785
120,141,-0.005532910000000002,0.04542365999999998,-0.0008950499999999979,0.045768144984980524
121,142,-0.012093809999999983,0.04857217999999999,-0.009085159999999998,0.05087295000778016
122,143,-0.016203130000000066,0.04845769999999999,-0.01977762,0.05478908982590696
123,144,-0.0016216199999999903,-0.05642869000000006,-0.06844886000000001,0.08872470423641945
124,145,-0.0004685799999999407,-0.04519956000000003,-0.059211719999999995,0.07449327202350829
125,146,-0.007562599999999975,-0.04981294999999997,-0.07735728,0.09231831711779032
126,147,-0.0058456899999999035,-0.03853624999999994,-0.06638913,0.07698526636828307
127,148,-0.011119639999999986,-0.041539460000000084,-0.08844390000000002,0.09834376735732271
128,149,-0.010093149999999995,-0.02957020999999993,-0.07746901999999999,0.08353273643384966
129,150,-0.012073590000000078,-0.03068694999999999,-0.10028326000000001,0.10556605852270039
130,151,-0.012153729999999974,-0.01968786,-0.09088332000000002,0.09378220960563312
131,152,-0.009459039999999974,-0.02917700000000001,-0.05942555999999999,0.06687426970094851
132,153,-0.005546720000000005,-0.03582846000000006,-0.05161505999999999,0.0630758199909728
133,154,-0.0007371800000000039,-0.040545819999999955,-0.04839565999999999,0.06313989911823106
134,155,-0.01339524999999997,-0.015651319999999913,-0.07380243,0.07662372487819812
135,156,-0.019051039999999908,0.007032690000000008,-0.07353101999999999,0.0762837581399743
136,157,-0.012090360000000078,-0.008235680000000078,-0.09914385999999997,0.10021730492131385
137,158,-0.01440788000000004,-0.005473850000000002,-0.08125059000000001,0.08269950674136456
138,159,-0.006084719999999932,0.06264619000000002,-0.011686340000000002,0.06401671251782695
139,160,-0.003366329999999973,0.08030338000000001,-0.034444619999999995,0.08744367823941133
140,161,-0.00040898000000000323,0.08910631,-0.06410113,0.10976819490969777
141,162,0.0033317099999999877,0.08957984999999999,-0.10378423999999997,0.13713795349911048
142,163,-0.01219996000000001,0.06465634,-0.0211766,0.06912112349895075
143,164,-0.011175289999999949,0.07799957999999999,-0.040195690000000006,0.08845628909996506
144,165,-0.008228410000000075,0.08721282,-0.0685519,0.1112346425224197
145,166,-0.0043796200000000285,0.08776029,-0.10611558999999998,0.1377736114547216
146,167,-0.01654931000000004,0.06308952999999998,-0.03404679,0.07357548753763783
147,168,-0.015596849999999995,0.07487083,-0.054466600000000004,0.09389096564830612
148,169,-0.013404269999999996,0.08112475,-0.08016424,0.1148355558682632
149,170,-0.009467769999999986,0.08323372000000001,-0.10499289999999997,0.1343167892120017
150,171,-0.004133500000000012,0.07946955,-0.12618754000000004,0.1491837472739712
151,172,-0.010307040000000045,0.07737592,-0.11450005999999996,0.13857680833895544
152,173,0.0035734299999999886,0.08050542,-0.13071655000000004,0.1535601136208352
153,174,-0.01938915999999996,0.03719304000000001,-0.08469287,0.09451002052049348
154,175,-0.01930069000000001,0.03171676000000001,-0.09392172999999998,0.10099386548482336
155,176,-0.020754720000000004,0.03388412000000002,-0.07347212,0.08352870409474339
156,177,-0.018446870000000004,0.024212379999999978,-0.09506277999999999,0.09981712528113448
157,178,-0.01742882000000001,0.012149840000000023,-0.08869302999999998,0.09120217074828262
158,179,-0.016437289999999938,0.004709450000000004,-0.08161922999999999,0.08339101946636397
159,180,-0.020204519999999948,0.04249145000000004,-0.07149984000000001,0.08559189839908041
160,181,-0.018383199999999933,0.061280379999999995,-0.049829120000000005,0.08109357690445525
161,182,-0.01948783999999998,0.04678853999999999,-0.08641595999999999,0.10018313992842705
162,183,-0.018022230000000028,0.06840804,-0.07103028000000002,0.1002484981817329
163,184,-0.016015669999999982,0.04572561999999997,-0.11021282999999998,0.12039186810803375
164,185,-0.015491990000000011,0.07400360000000002,-0.09340235999999999,0.12016877889322874
165,186,-0.014286819999999978,0.03432993000000001,-0.11641753999999999,0.12221170540978837
166,187,-0.012144270000000013,0.01616806999999998,-0.11118017000000002,0.1130040706460909
167,188,-0.011696669999999965,0.00628829000000003,-0.10624106000000003,0.10706781734086393
168,189,-0.008613050000000011,0.03869413999999999,-0.13275682,0.13854888796794618
169,190,-0.006880339999999929,0.014884919999999968,-0.12271880000000002,0.12380954646295253
170,191,-0.006605949999999972,0.002782410000000013,-0.11770818000000002,0.11792623126227263
171,192,-0.009960789999999997,0.05107315000000001,-0.13040996,0.14040812531882974
172,193,-0.0022610000000000685,0.04137471000000004,-0.14315239000000002,0.14902880765575563
173,194,-0.0015813300000000474,0.013093589999999988,-0.12964825000000002,0.1303173489283737
174,195,-0.00235947000000003,-0.0008245300000000455,-0.12422923999999996,0.12425438028246485
175,196,-0.0030334999999999113,0.05480172999999999,-0.14227118,0.1524910502024145
176,197,0.0035854600000000403,0.04284149000000004,-0.14825195000000002,0.15435961086901656
177,198,0.0033131699999999764,0.012158029999999986,-0.13381011000000004,0.13440215893780097
178,199,0.0030500500000000264,-0.002356050000000054,-0.12909417,0.12915168796649118
179,200,0.0035303500000000154,0.05543532000000001,-0.14730548000000004,0.15743075465948614
180,201,0.013636790000000065,0.05562500000000001,-0.15043385999999997,0.16096722927665646
181,202,-0.008408859999999962,-0.013315889999999997,-0.11434364999999999,0.11542310058352356
182,203,-0.020488849999999947,0.025119890000000034,-0.07167773,0.0786670123106725
183,204,-0.004708429999999986,-0.014701329999999957,-0.12303263000000003,0.12399728408941345
184,205,0.003091000000000066,-0.01917042000000002,-0.13253788,0.13395278615568545
185,206,-0.02108292000000006,0.03174263000000005,-0.07484544,0.08398764173279843
186,207,-0.00916264,0.01969696000000004,-0.01162245,0.024637482603011646
187,208,-0.006060650000000001,0.019838579999999995,-0.011501669999999999,0.023718961773817163
188,209,-0.007747020000000049,0.022866920000000013,-0.01067284,0.02639738363611821
189,210,-0.011206199999999944,0.024847050000000037,-0.011090400000000002,0.029427058709672306
190,211,-0.014307039999999938,0.024614789999999998,-0.015051209999999999,0.03220431962904663
191,212,-0.013031369999999987,0.021898320000000027,-0.015106930000000001,0.029623847773781867
192,213,-0.013186709999999935,0.02488883000000003,-0.012822349999999998,0.030947630586452005
193,214,-0.011188630000000033,0.020417119999999955,-0.01260721,0.026476139717779835
194,215,-0.0005814799999999121,-0.02557520000000002,1.8900000000043882e-06,0.02558180950602402
195,216,-0.0009660799999999803,-0.0033121999999999874,0.011028899999999994,0.011555977440978315
196,217,-0.0004041600000000978,-0.00987578999999994,0.002564640000000007,0.01021136385402552
197,218,0.0001076800000000544,0.009737529999999994,0.002033939999999998,0.009948266050267248
198,219,0.00446836000000006,0.07901663,-0.03150244999999999,0.08518214844466533
199,220,-0.007866319999999982,-0.018091740000000023,-0.01086873,0.022523750539883463
200,221,-0.00821139999999998,-0.017200689999999907,-0.01216526,0.022611598291666524
201,222,-0.0075821200000000255,-0.018457929999999956,-0.010598259999999998,0.022594398390019123
202,223,-0.00019186000000004366,-0.021486800000000028,-0.0035887999999999996,0.021785290219310853
203,224,-0.005676800000000037,-0.01879487000000002,-0.00991978,0.021997164176441042
204,225,-0.003518119999999958,-0.02039126999999996,-0.006435370000000003,0.021670141845041027
205,226,-0.006221740000000087,-0.017840069999999986,-0.0087613,0.020826390083797542
206,227,-0.0035787800000000036,-0.01968377999999993,-0.005024580000000001,0.020627778977708608
207,228,-0.00012319999999998998,-0.020362859999999983,-0.004088519999999998,0.020769623044484927
208,229,-0.007199700000000031,-0.019621349999999982,-0.007914730000000002,0.022348959861376094
209,230,-0.00821793000000004,-0.018067880000000036,-0.009455140000000004,0.02198595764570882
210,231,-0.008088809999999946,-0.017821839999999978,-0.008557550000000004,0.021360676258119694
211,232,-0.018658840000000065,0.005070980000000003,-0.070365,0.07297328533995165
212,233,-0.021918400000000005,0.02179561000000002,-0.09633813999999999,0.10117560028233932
213,234,0.003471470000000032,0.028875579999999956,-0.14517443999999996,0.14805900260913177
214,235,-0.0017241500000000354,0.028402020000000028,-0.14011151,0.14297161490233998
215,236,-0.007604949999999944,0.026051600000000008,-0.13013739000000002,0.13293705805032172
216,237,-0.012641400000000025,0.023453190000000013,-0.11581769,0.11884272982421853
217,238,-0.022232010000000024,0.020512309999999978,-0.09058609000000001,0.09550317707628528
218,239,-0.019958390000000048,0.01845494999999997,-0.08512942999999998,0.08936409996760163
219,240,-0.020512809999999992,0.015949920000000006,-0.07826855,0.08246903201326544
220,241,-0.020070199999999982,0.015082680000000015,-0.07210488000000001,0.07635059845107176
221,242,-0.01808257000000002,0.018257420000000024,-0.09269580999999999,0.09619161041596819
222,243,-0.0038828300000000038,0.06934580999999998,-0.13542063,0.1521928538498503
223,244,0.0034902800000000678,0.06996145999999998,-0.14125687999999997,0.15767147518541327
224,245,-0.018972299999999942,0.058740610000000026,-0.08074651999999999,0.1016386143282783
225,246,-0.010628610000000038,0.06657074999999998,-0.12313415,0.14038037969145511
226,247,-0.01655582,0.06295005999999997,-0.10116945000000002,0.12029988712870225
227,248,-0.019677559999999983,0.05231889000000001,-0.06278299999999999,0.08406055976131552
228,249,0.0026294700000000226,-0.03438852999999997,-0.14131031,0.14545820300119858
229,250,-0.0056293099999999985,-0.03248583999999999,-0.13652155,0.14044626212891606
230,251,-0.012909400000000015,-0.03436485,-0.12391665000000002,0.12923982231148806
231,252,-0.014595829999999976,-0.039689829999999926,-0.11080716000000002,0.11860247706554614
232,253,-0.014150219999999991,-0.051401640000000026,-0.09687915999999999,0.11057996637295384
233,254,-0.009583249999999932,-0.05986148000000002,-0.08381715,0.10344346331438929
234,255,0.004180610000000029,-0.07217315999999996,-0.07189957,0.10196073112008658
235,256,-0.004289659999999973,-0.06622947999999995,-0.07603577,0.10092662445300989
236,259,-0.00040130000000004884,-0.020810930000000005,-0.00080794,0.020830473259110083
237,260,0.0005207400000000195,0.019864519999999997,-0.00013317000000000016,0.019871790539025415
238,261,-0.0005340799999999923,0.0023824300000000465,0.007346560000000002,0.007741650856561554
239,262,0.011410719999999985,0.00970452000000005,-0.13696319000000007,0.13777988842470776
240,263,0.010695169999999976,-0.0040939799999999416,-0.13126169,0.1317603073585721
241,264,0.01045326000000002,-0.022521409999999964,-0.13407769000000003,0.1363572935663942
242,265,-0.0004019100000000053,-0.021209499999999992,-0.000939609999999997,0.021234106735396233
243,266,0.0014869200000000582,-0.04332672000000004,-0.03031037000000001,0.05289739243650583
244,267,0.00724016999999999,0.08799135000000001,-0.06276539,0.10832539830669215
245,268,0.01256960000000007,0.07972079,-0.13008483000000004,0.15308645334748927
246,293,0.009441279999999996,0.017772509999999964,-0.0033300599999999993,0.02039826412570684
247,294,0.010093169999999985,0.01652945,-0.0064141499999999935,0.02040186555621568
248,295,0.013564089999999918,0.01610670000000003,-0.004845329999999995,0.02160758073517252
249,296,0.013237040000000033,0.01762554999999999,-0.0023069699999999985,0.022163062769955794
250,297,0.0070781199999999656,0.014527960000000006,-0.007032529999999999,0.017624354816471996
251,298,0.008412929999999985,0.014597169999999993,-0.007518230000000001,0.01844935081586069
252,299,0.010021970000000047,0.011132309999999979,-0.0055872000000000005,0.015987026379442815
253,300,0.011300170000000054,0.01203601999999998,-0.0051405900000000004,0.01729119096584734
254,301,0.016593589999999936,0.009514899999999993,-0.007810540000000005,0.020661197598147545
255,302,0.01962333999999999,0.013507939999999996,-0.010249170000000002,0.025934251512008198
256,303,0.01788040000000002,0.013269640000000027,-0.008139539999999987,0.023707470579992316
257,304,0.016298950000000034,0.010816460000000028,-0.0067080699999999965,0.020679694900046317
258,305,0.01627078999999998,0.016486489999999965,-0.0042760499999999965,0.02355477793032017
259,306,0.01589423000000001,0.01448805000000003,-0.0040607,0.021886512389720777
260,307,0.013116339999999949,0.009543809999999986,-0.005021699999999997,0.016980581709755953
261,308,0.01362817999999999,0.011224480000000037,-0.00457958,0.018239758615705433
262,309,0.03886524000000002,0.006999809999999995,-0.08595720000000001,0.09459463225856794
263,310,0.0388659400000001,0.014719250000000017,-0.08282353999999997,0.09266583184096339
264,311,0.03592656000000005,-0.003596440000000034,-0.08020372000000003,0.08795617542813926
265,312,0.031314840000000066,0.009230749999999954,-0.055919880000000005,0.06475228898658722
266,313,0.030597349999999968,0.0010155099999999972,-0.056130139999999995,0.06393607513761067
267,314,0.027623770000000047,-0.017321690000000056,-0.05686522000000002,0.06554972813915712
268,315,0.03557568,0.018225920000000007,-0.07357479,0.08373208997064925
269,316,0.03320992999999994,-0.010157140000000009,-0.07025969999999998,0.07837405430162774
270,317,0.03754219999999997,0.011475139999999995,-0.07900621000000002,0.08822174809775479
271,318,0.03592233,0.010918030000000023,-0.07414672,0.08311048825791002
272,319,0.03332497000000001,0.005580699999999994,-0.07735472999999998,0.08441239299631186
273,320,0.03764486,0.005609639999999971,-0.07952680000000001,0.0881652735695251
274,321,0.034911510000000034,-0.004129799999999961,-0.07844380000000001,0.08596102917578467
275,322,0.03458531000000009,-0.007387850000000029,-0.07054178,0.07891049816714507
276,323,0.03403962000000005,0.008364959999999977,-0.06853894999999999,0.07698217944854836
277,324,0.03305941000000001,0.003369549999999999,-0.06654171999999997,0.07437794671345127
278,325,0.03330358,-0.00740015000000005,-0.06727609000000001,0.07543184305402462
279,326,0.0023727099999999446,-0.01958238000000001,0.0027955800000000024,0.01992271634955686
280,327,0.0018337899999999463,-0.01643393000000004,0.0035801500000000007,0.01691905183606638
281,328,0.0029677099999999568,-0.026110899999999937,-0.0006811899999999982,0.026287837896453115
282,329,0.0028298500000000226,-0.02959619999999996,-0.0038558399999999993,0.029980170239144704
283,330,0.008972199999999986,-0.02410643999999995,-0.00614518,0.02644587036847147
284,331,0.010454999999999992,-0.02443848999999998,-0.00706675,0.02750428646670549
285,332,0.010692079999999993,-0.022908959999999978,-0.006633150000000001,0.026136941326989637
286,333,0.008784000000000014,-0.023027989999999998,-0.00496429,0.025141423083115247
287,334,0.0077787500000000565,-0.0256845,-0.0049943999999999995,0.027297372092794956
288,335,0.009067060000000016,-0.02685925,-0.006662649999999999,0.029120813735687406
289,336,0.00597417999999994,-0.01787979999999989,-0.00031617000000000017,0.01885412522980834
290,337,0.0058517099999999544,-0.020780780000000054,-0.00015446000000000036,0.021589515631993732
291,338,0.006048440000000044,-0.029237100000000016,-0.00508083,0.030285416892169428
292,339,0.005953949999999986,-0.02611353000000005,-0.00301322,0.02695265227082119
293,340,0.003054279999999965,-0.02174666000000003,-0.0014007199999999994,0.022004723674529544
294,341,0.005967339999999988,-0.02270715999999995,-0.00313066,0.02368597251490421
295,342,0.0031344499999999,-0.022486190000000073,-0.0026428400000000005,0.022856905319491586
296,343,0.005710879999999974,-0.02325989000000006,-0.004517,0.024372934213723687
297,344,0.0004615099999999428,0.026525279999999984,0.0025109999999999993,0.026647862795325616
298,345,0.0032831899999999914,0.019410419999999984,-0.0009164500000000001,0.019707450919766344
299,346,0.005771560000000009,0.025660630000000018,0.0035603699999999998,0.02654157251120214
300,347,0.012632250000000012,-0.025531379999999992,-0.009999359999999999,0.030189605912904857
301,348,0.009736650000000013,-0.028581469999999998,-0.008145199999999998,0.0312737439975357
302,349,0.0028122800000000003,-0.030952760000000024,-0.00596101,0.031646736176675495
303,350,0.006504719999999908,-0.030524409999999946,-0.00622475,0.03182449529354701
304,351,0.021288830000000036,0.013714279999999968,-0.012383130000000006,0.028189318318898753
305,352,0.017458819999999986,0.00694568000000001,-0.010024989999999998,0.02129679062569991
306,353,0.005027930000000014,0.014819240000000011,-0.005846299999999999,0.01670536374798527
307,354,0.008021639999999941,0.02071613,-0.00045842999999999925,0.02221969640952367
308,355,0.013320290000000012,0.02025423999999998,0.00032000000000000084,0.024243901576720267
309,356,0.013605789999999951,0.02505221000000002,0.0015445800000000037,0.028550244741238205
310,357,0.01730754000000001,0.018815709999999986,-0.002863750000000005,0.025725142326490633
311,358,0.019280529999999962,0.022835170000000016,-0.004819600000000007,0.03027230368124962
312,359,0.023197269999999937,0.01761721000000005,-0.015040149999999988,0.03278239673452047
313,360,0.012383480000000002,0.007243139999999981,-0.007269949999999997,0.016083091337566288
314,361,0.008673469999999961,0.009589330000000007,-0.00680501,0.014611382302503055
315,362,0.0021337499999999343,-0.004171120000000028,0.00944776,0.010545676845726876
316,363,0.002062079999999966,0.001040870000000027,0.006485369999999997,0.006884446841991002
317,364,0.0019194799999999734,-0.007492319999999997,0.008197029999999994,0.01126989632932352
318,365,0.0013553600000000277,-0.008498420000000007,0.006093709999999995,0.010544830239984905
319,366,0.0036261399999999444,-0.007594039999999969,0.00603718,0.010356924117400837
320,367,0.003094670000000077,-0.0075959499999999625,0.0043257899999999995,0.009272965972950612
321,368,0.005447419999999981,-0.00806865000000001,0.0008661199999999997,0.009773825317310513
322,369,0.004125900000000016,-0.00791831000000004,0.0002224399999999991,0.008931526388008981
323,370,0.006325620000000032,-0.009157470000000001,-0.0025493700000000005,0.01141805642752743
324,371,0.004214720000000005,-0.010083050000000038,-0.00104264,0.010978108222754083
325,372,0.0021909900000000038,-0.014556959999999952,0.0021741000000000017,0.014880599195990014
326,373,0.0017778800000000095,-0.01100511999999998,0.0015470399999999995,0.011254637100786483
327,374,0.001731549999999915,-0.008621430000000041,0.0028503099999999983,0.009244002798760956
328,375,0.00482216000000002,-0.004686289999999982,0.004738839999999998,0.008226247356802493
329,376,0.004523269999999968,-0.0006107899999999722,0.0023102099999999983,0.005115672601046677
330,377,0.006257259999999931,-0.005566920000000031,0.0003286900000000001,0.008381642924278001
331,378,0.006153129999999951,-0.04364108,-0.017271189999999995,0.047336020918317574
332,379,0.008780620000000017,-0.043648270000000045,-0.028275740000000008,0.05274266047636301
333,380,0.011301490000000025,-0.04215926999999997,-0.025521619999999995,0.05056165355857537
334,381,0.008607840000000033,-0.043101460000000036,-0.019746059999999996,0.048184412927012026
335,382,0.003867979999999993,-0.04372295000000004,-0.016273339999999997,0.04681323766562726
336,383,0.00497560000000008,-0.04402320999999998,-0.028948960000000003,0.0529229808225661
337,384,0.012736179999999986,-0.038968,-0.021474309999999996,0.04628024735206694
338,385,0.00964007,-0.03933916000000004,-0.01588895,0.04350815085949992
339,386,0.006404519999999914,-0.03852869999999997,-0.01117676,0.04062509771333476
340,387,0.0029183900000000484,-0.037968820000000014,-0.00831026,0.038977028024877694
341,388,0.01312232999999996,-0.02003703999999995,-0.009129489999999997,0.025632520442800722
342,389,0.011354419999999976,-0.012662339999999994,-0.006495220000000003,0.018205647218937297
343,390,0.00898228000000001,-0.015576739999999978,-0.00424223,0.018474650156333122
344,391,0.019441370000000013,-0.03545905000000005,-0.03972282999999999,0.05668522133315087
345,392,0.01730710999999996,-0.014753389999999977,-0.012770969999999993,0.02608248929425828
346,393,0.01898493000000001,-0.025402530000000034,-0.023463869999999998,0.03944957912174352
347,394,0.014589049999999992,-0.0037065399999999804,-0.007542009999999995,0.016836292154574876
348,395,0.02045642000000003,-0.004075930000000005,-0.01235667,0.0242438779503239
349,396,0.025473030000000008,0.003753339999999994,-0.023354689999999984,0.03476211103389148
350,397,0.02694263000000008,0.013484370000000023,-0.028664170000000017,0.041585672862209475
351,398,0.02516840000000009,-0.0263274,-0.05270662000000001,0.06406690363318963
352,399,0.02349042999999995,-0.020681800000000083,-0.03376853000000002,0.04604183718299914
353,400,0.022617589999999965,-0.0119012,-0.02095699000000001,0.03305131417520639
354,401,0.02719449000000007,-0.00472032,-0.0364119,0.04569078866546849
355,402,0.02770402999999999,-0.01076613000000004,-0.04636255,0.05507185193835686
356,403,0.006614380000000031,-0.0035944300000000373,-0.002554280000000001,0.007949484016444129
357,404,0.005174029999999941,-0.014675070000000012,-0.00017051999999999953,0.015561405560430579
358,405,0.028402189999999994,0.02579534,-0.038889989999999985,0.05463071740982173
359,406,0.025802749999999985,0.03145774000000001,-0.025936219999999982,0.04824996187934762
360,407,0.02934945999999994,0.0067367899999999925,-0.04440418999999998,0.05365172160659707
361,408,0.0026909800000000095,0.009486620000000001,0.0006525799999999998,0.009882468974967747
362,409,0.004790410000000023,0.0074425799999999764,-0.0020912200000000004,0.009094681199080036
363,410,0.00732669000000008,0.004523949999999999,-0.004676700000000002,0.00979887916287374
364,411,0.030528519999999948,0.01667388000000003,-0.05085267999999998,0.06161171861608144
365,412,0.007565329999999926,0.04092613000000003,0.0017618899999999986,0.041656771252197425
366,413,0.015242740000000032,0.039181540000000015,-0.0035414900000000082,0.04219095105469065
367,414,0.020842510000000036,0.03572366000000002,-0.01226766,0.0431403012132658
368,415,0.009946840000000012,-0.06040551999999999,-0.06610119,0.09009513744854436
369,416,0.007884230000000048,-0.04807022000000005,-0.05751628,0.07537260509349339
370,417,0.017327859999999973,-0.05837279000000006,-0.07230753000000001,0.09453050427911938
371,418,0.014453330000000042,-0.045515799999999995,-0.06227034000000001,0.07847408515837889
372,419,0.022865450000000065,-0.05323459000000008,-0.08155235000000002,0.10003767373691332
373,420,0.020678000000000085,-0.040159000000000056,-0.07122903000000003,0.0843439368285647
374,421,0.026167659999999926,-0.043859289999999995,-0.09253415999999998,0.10569273634496029
375,422,0.025241599999999975,-0.03257114999999999,-0.08330675999999998,0.09294102670285118
376,423,0.017202810000000013,-0.03834286000000009,-0.05401547000000001,0.06843816613700728
377,424,0.011928479999999908,-0.04183333,-0.04806787000000001,0.06482928551462062
378,425,0.006621859999999979,-0.043074039999999925,-0.04690151000000001,0.06402322697319539
379,426,0.0028188499999999284,-0.04236395999999998,-0.04725598,0.06352777871108432
380,427,0.023868410000000062,-0.02848097999999999,-0.06624928,0.07595942547312283
381,428,0.030246470000000025,-0.009961580000000025,-0.06354902000000001,0.07108136159724084
382,429,0.0270331399999999,-0.021727180000000068,-0.09122302999999998,0.0975935561981061
383,430,0.026493760000000033,-0.01957026000000006,-0.07296632,0.08005621930710695
384,431,0.002161109999999966,0.06199422000000002,-0.008641500000000003,0.06263089678497748
385,432,0.010595919999999981,0.05691193,-0.008306229999999998,0.05848277313691785
386,433,0.012452820000000031,0.07485633,-0.03124272,0.08206491588992035
387,434,0.014784360000000052,0.08386769,-0.061028410000000005,0.10477038490753865
388,435,0.017598889999999923,0.08465531000000001,-0.10090051,0.132880229374758
389,436,0.01801231999999997,0.05426440000000002,-0.015056509999999995,0.059125013932535365
390,437,0.020690560000000024,0.06702590000000001,-0.03374605,0.07784193236634161
391,438,0.022847269999999975,0.07649861999999999,-0.06226674999999998,0.10124813461945753
392,439,0.025225459999999922,0.07754283000000001,-0.10013123000000002,0.12913356472247406
393,440,0.024126230000000026,0.04909004,-0.025809710000000013,0.06048180000213785
394,441,0.027030200000000004,0.06018356999999999,-0.04584109,0.08033740935811286
395,442,0.029346839999999985,0.06638081000000001,-0.07151866000000001,0.10189488545769755
396,443,0.02967724999999999,0.06972438,-0.09707967,0.12315311876382101
397,444,0.02782736000000008,0.06843338,-0.11972850000000002,0.14068547606289716
398,445,0.03173032999999992,0.06286388000000001,-0.10600325,0.12726103198200853
399,446,0.02126820000000007,0.07439444000000002,-0.12714091000000005,0.14883440472478707
400,447,0.03374489000000003,0.018857650000000004,-0.07394568999999995,0.08344035974401534
401,448,0.034892030000000074,0.013009190000000004,-0.08296217,0.0909363207584621
402,449,0.03308959,0.015313539999999959,-0.06257703999999997,0.07242452215141841
403,450,0.03391907000000005,0.006135410000000008,-0.08447159999999998,0.09123375346927803
404,451,0.03137371,-0.004688919999999985,-0.0788179,0.08496209160761345
405,452,0.028952219999999973,-0.010942500000000077,-0.07243026000000002,0.0787661850850097
406,453,0.03264511999999997,0.02426602,-0.060806740000000026,0.07315738661189587
407,454,0.028307850000000023,0.045197619999999994,-0.04037811999999999,0.06689209071348645
408,455,0.03455514000000004,0.028139099999999972,-0.07548657999999997,0.0876589436927345
409,456,0.03168875000000004,0.051268129999999995,-0.060974620000000035,0.08573507050445463
410,457,0.03502313999999995,0.028098889999999987,-0.09989583000000002,0.10952326148394505
411,458,0.03312496999999992,0.057229029999999986,-0.08357239999999999,0.10656815450218603
412,459,0.03385218000000001,0.01770136,-0.10668658999999997,0.11331962196561589
413,460,0.03013924000000001,0.0015673700000000124,-0.10262906,0.10697455021161856
414,461,0.02846606000000007,-0.007573940000000001,-0.09811567000000004,0.10244201207803424
415,462,0.03127521,0.024911020000000006,-0.12469578000000003,0.13094936131113016
416,463,0.026922800000000024,0.003209020000000007,-0.11588412999999997,0.11901372422984374
417,464,0.025301009999999957,-0.008234219999999959,-0.11125458999999999,0.11439198958885449
418,465,0.032748180000000016,0.03631709999999999,-0.12177938999999999,0.13123107434786357
419,466,0.027021399999999973,0.03125454,-0.13723553000000005,0.143319897512357
420,467,0.022909670000000104,0.004632930000000035,-0.12469686000000002,0.1268685300370167
421,468,0.022140619999999944,-0.009284850000000011,-0.1192742,0.12166655365854206
422,469,0.02823041999999998,0.04399791000000003,-0.13595435999999994,0.14565836982732605
423,470,0.022343000000000002,0.03635814999999998,-0.14446202000000002,0.15063332945567826
424,471,0.018876549999999992,0.00678107,-0.1306638,0.13219431031889156
425,472,0.017702919999999955,-0.007416529999999977,-0.12613092999999997,0.12758295260900726
426,473,0.022820869999999993,0.048768330000000026,-0.14340814000000002,0.15318301712920204
427,474,0.025735419999999953,-0.025095250000000013,-0.10743293999999998,0.11328689249945244
428,475,0.03214625000000004,0.006969349999999985,-0.06102476000000001,0.06932513657788641
429,476,0.023545030000000078,-0.024452169999999995,-0.11731583000000001,0.12212813363021113
430,477,0.017442909999999978,-0.02412513999999999,-0.12963462000000003,0.13300906808121057
431,478,0.033524090000000006,0.012907720000000011,-0.06379615999999999,0.07321491567072996
432,479,0.011535689999999987,0.012591980000000003,-0.00741932,0.01861924846385857
433,480,0.00857779000000003,0.014811970000000008,-0.008529370000000001,0.019123887919612496
434,481,0.010186319999999971,0.01670948,-0.00703198,0.02079462862696036
435,482,0.013626899999999997,0.016322210000000004,-0.0060489100000000046,0.02210647541066192
436,483,0.017189649999999945,0.013799939999999955,-0.008657899999999996,0.023682939925948738
437,484,0.01586310000000002,0.011977599999999977,-0.009241059999999995,0.021920265356368294
438,485,0.01578402999999995,0.014942909999999976,-0.006941249999999996,0.0228168164710044
439,486,0.01364858999999996,0.011891280000000004,-0.007564000000000001,0.019618884907825394
440,487,0.000325979999999948,-0.043174450000000086,-0.01608623,0.04607500614623733
441,488,0.013298030000000072,0.04186468000000004,-0.15071945999999997,0.15698995081238448
442,489,0.00842810000000005,-0.023672049999999945,-0.007554370000000001,0.02623866092066053
443,490,0.009004350000000105,-0.023096879999999986,-0.008663649999999998,0.026260293524243045
444,491,0.008097869999999951,-0.023827649999999978,-0.00740882,0.02623400497163554
445,492,0.006161630000000029,-0.02284843000000003,-0.007511500000000001,0.024828191033013296
446,493,0.003478369999999953,-0.022786509999999982,-0.0050119200000000004,0.023589053349454252
447,494,0.006540169999999956,-0.022209380000000056,-0.00616507,0.023959099977215376
448,495,0.003344809999999976,-0.02205248000000004,-0.0036154800000000008,0.022595825360382425
449,496,0.007252539999999974,-0.024569830000000015,-0.00497473,0.026096433113615362
450,497,0.008538500000000004,-0.023806039999999973,-0.006046699999999999,0.026003770950029512
451,498,0.008284199999999964,-0.023428299999999957,-0.005226989999999999,0.02539359436925181
452,499,0.029274730000000027,-0.011448360000000046,-0.06065704000000002,0.0683180156680806
453,500,0.037315619999999994,0.001346130000000001,-0.08435843999999998,0.09225298890114561
454,501,0.02131696000000005,0.022708000000000006,-0.14156813000000001,0.14495379084155924
455,502,0.025427470000000008,0.019019029999999992,-0.13462421000000002,0.13831832001172478
456,503,0.029315619999999987,0.01329524999999998,-0.12267463999999995,0.12682758590967694
457,504,0.03169127000000005,0.00814096999999997,-0.10685444999999999,0.11175189247416037
458,505,0.03663127999999993,0.00019553999999999405,-0.07867922999999999,0.0867888826044148
459,506,0.03349742999999994,9.959999999975544e-06,-0.07431381999999997,0.0815145493688022
460,507,0.03280741999999992,-0.0024411000000000294,-0.06747719999999996,0.07506968959644357
461,508,0.03135613999999998,-0.0026480700000000024,-0.06169394,0.06925577248972174
462,509,0.03291918000000005,0.0006542399999999726,-0.08237865,0.08871495036166398
463,510,0.012974539999999979,0.028948150000000006,-0.14905228999999992,0.1523906796063269
464,511,0.013358709999999996,0.06891733,-0.14277784,0.15910237302522737
465,512,0.02860558999999996,0.058123060000000004,-0.12885589999999997,0.14422348230375556
466,513,0.02255424000000006,0.06337509999999999,-0.1374051,0.15298777254407492
467,514,0.03370402000000006,0.04056959999999998,-0.07009281,0.08772032502229174
468,515,0.03292561999999999,0.05152875999999998,-0.11433201999999998,0.12965770457941322
469,516,0.03487443000000001,0.04519732999999998,-0.09077212000000001,0.10723153582900975
470,517,0.031198659999999934,0.03478305999999998,-0.05248753000000003,0.0702720318068298
471,518,0.010412549999999965,-0.03917513000000006,-0.14168952999999995,0.14737379319146363
472,519,0.018589230000000012,-0.039896249999999966,-0.13808080999999994,0.14492612023479923
473,520,0.025766529999999954,-0.04331605000000005,-0.13016661000000002,0.13958345394327906
474,521,0.030583929999999926,-0.049356549999999944,-0.11510798,0.12892359311556512
475,522,0.02984087000000002,-0.054995889999999936,-0.10180255999999999,0.11949387708917387
476,523,0.02664873000000001,-0.06544097000000004,-0.08860570000000001,0.11332980824850895
477,524,0.019825719999999936,-0.06997524,-0.07785074,0.10653793270532143
478,525,0.013252280000000005,-0.07226065999999998,-0.07247624999999999,0.10319899574558124
479,529,-0.00032962000000003044,-0.029051629999999995,-0.004073180000000003,0.029337631982041423
480,530,-0.00020487000000002364,-0.029791769999999995,-0.005808579999999999,0.030353436923455632
481,531,-0.0009457600000000177,-0.006773289999999987,0.010233440000000003,0.012308339190780369
482,532,-0.0004963900000000132,-0.01369654000000009,0.0020335699999999984,0.013855577142385752
483,533,-0.00019710000000006112,-0.03761420999999998,-0.008126020000000001,0.038482461503579764
484,534,0.0009525599999999912,0.043589799999999984,0.0013838499999999998,0.04362216266321626
485,535,0.0036282600000000498,-0.047718690000000064,-0.05769984,0.07496338560903787
486,536,-0.0007156099999999777,-0.01851718999999996,0.0037458299999999986,0.018905810364993576
487,537,-0.0007949900000000509,-0.008268879999999978,0.007911259999999996,0.011471461124987509
488,538,0.0039573899999999496,-0.061049670000000056,-0.06552069000000002,0.08964197655561322
489,539,0.010777490000000056,0.0912816,-0.10495109999999996,0.13951063823404328
